"Variables","Coefficient"
"Constant",1.99735139193889
"month",-1.60749330659123
"DayOfWeek",5.16450001150472
"Weekday",70.527081347674
"PeakHour",113.797059719857
"Temperature",0.595841664176985
