"","ME","RMSE","MAE","MPE","MAPE"
"Test set",-0.277449730831167,51.0351978481189,42.6966677112195,-11.4198881706443,35.6070440041225
