"Variables","Coefficient"
"Constant",12.0206554506726
"month",0.3494002005975
"DayOfWeek",3.52797106160059
"Weekday",33.430886661768
"PeakHour",58.2506191604844
"Temperature",0.600173342207271
