"","Optimal","Above_Normal","Error"
"Above_Normal",162,562,0.809386973180077
"Optimal",1128,236,0.809386973180077
