"","ME","RMSE","MAE","MPE","MAPE"
"Test set",-1.80914521310783,78.3978639836877,58.4637746021076,-85354.6770686176,146968.333750216
